roi_number,Area,Biovolume
2,450,6192.864518
3,777,14651.60274
4,530,7253.937437
5,625,6977.967285
6,470,5837.864549
7,580,7758.948456
8,438,5352.488484
9,437,5277.09026
10,491,7245.298057
11,816,14942.20006
12,432,5336.78052
13,265,2309.0706
14,431,5049.324792
15,511,6477.178654
16,524,7689.04802
17,371,4315.762908
18,634,10633.50573
19,374,4263.141231
20,481,5647.798193
21,463,5665.862351
22,517,7194.247177
23,359,3937.986391
25,394,3433.76077
26,370,3711.79172
27,323,3746.349239
28,498,7214.667529
29,417,5228.395574
30,464,6104.899924
31,429,5974.523829
32,336,3670.165618
33,668,10565.17609
34,1298,28963.12807
35,391,4485.408911
36,632,11074.1141
37,1171,17528.51621
38,418,4401.371308
39,512,7271.216197
40,1347,10388.7832
41,588,8256.890892
42,239,1892.809574
43,436,5631.304832
44,500,6666.459611
45,504,6606.76935
46,460,6522.731747
47,518,7465.994941
48,511,7403.163088
49,722,11314.44594
50,565,7085.86223
51,1141,11966.32642
52,567,8655.087761
53,414,4433.572632
54,441,6105.685322
55,2062,40081.73828
56,527,9627.410687
57,399,5109.800451
58,538,7411.802468
59,396,4772.079241
60,658,9929.003582
61,834,10371.96815
62,372,4019.6678
63,489,6313.030437
64,435,4616.570404
65,478,4690.397832
66,528,7392.952912
67,707,12054.29101
68,308,2971.161252
69,1090,15557.95222
70,456,5998.085774
71,669,9614.844316
72,1264,26386.2367
73,607,8520.784675
74,410,5677.643323
75,603,10143.41728
76,397,4644.05934
77,602,9149.888604
78,515,6772.488363
79,389,4285.917778
80,599,8294.590004
81,1006,14031.92359
82,551,6291.039289
83,418,5367.411049
84,336,3623.827126
86,829,10872.26678
87,585,7639.567935
88,5447,188615.75
89,659,11100.03224
90,319,2584.832764
91,443,5884.20304
92,338,3963.904531
93,597,9486.039018
94,398,5028.119042
95,379,4527.035014
96,462,6161.448592
97,598,9280.264699
98,472,2206.183441
99,469,6777.98615
100,496,6283.970705
101,755,12485.4746
102,579,8428.107691
103,770,13357.26656
104,500,6399.424235
105,629,9393.362034
106,444,5564.545988
107,453,6064.05922
108,454,5453.019448
109,276,1165.710449
110,464,6137.886647
111,409,5716.127833
112,498,6406.492819
113,359,3732.212072
114,562,8376.271413
115,3378,157762.1437
116,579,6673.528194
117,484,6284.756104
118,473,6174.800361
119,1716,56315.40451
120,377,4512.897847
121,343,3044.988679
122,432,5137.289387
123,460,5108.229655
124,431,5219.756194
125,347,2877.036621
126,2711,137551.4927
127,751,9326.60319
128,484,6713.583501
129,1340,34418.50371
130,675,10489.77787
131,633,10045.24251
132,313,1760.114014
133,8288,487046.6069
134,522,8037.764804
135,422,5024.977449
136,759,12653.54981
137,494,6291.039289
138,437,5521.349089
139,418,4710.032786
140,435,5895.984013
141,410,4957.433207
142,364,2859.717529
143,709,7579.092277
144,1123,21841.13753
145,512,7662.344482
146,643,10163.05223
147,689,9010.08773
148,509,7395.309107
149,470,5954.103477
150,562,8621.31564
151,680,9702.023512
152,431,4450.79248
153,487,5963.528255
154,357,3707.079331
155,420,4439.07042
156,416,5562.189793
157,655,6947.632153
158,514,6591.061387
159,462,5625.807044
160,615,8995.165165
161,1160,24807.58639
162,398,4535.674394
163,579,8260.032484
164,2138,37378.66939
165,384,4676.260665
166,430,4166.537257
167,430,5268.45088
168,550,6745.784825
169,520,6938.207375
170,583,7859.479421
171,452,5749.899954
172,376,4018.097004
173,1154,27668.0065
174,602,8747.764744
175,2115,57180.91329
176,404,4898.528345
177,383,4528.60581
178,459,6321.669817
179,668,5979.149414
180,556,7921.525876
181,575,8761.901911
182,478,5090.165497
183,387,4790.143399
184,318,3334.015204
185,473,5895.198614
186,798,9051.713833
187,391,4371.526177
188,529,7292.421947
189,487,6971.194098
190,747,12457.98567
191,2312,77821.96242
192,780,9021.868703
193,602,7293.207345
194,346,3087.40018
195,529,5948.60569
196,430,5676.072527
197,654,8183.063464
198,782,13447.58735
199,693,11046.62517
200,430,5478.937588
201,1854,27422.96227
202,518,7227.2339
203,462,3169.866987
204,1751,22333.10352
205,445,5511.138913
206,569,8056.61436
207,435,5284.158843
208,619,9595.99476
209,432,5416.891133
210,606,8553.771398
211,383,4278.849194
212,914,11970.27637
213,432,4264.852539
214,548,7934.877645
215,444,4975.497365
216,448,5557.477404
217,434,4978.638958
218,683,9552.012463
219,376,3751.061628
220,407,5414.534938
221,476,4442.379883
222,857,16453.30613
223,480,6120.607887
224,427,5796.238446
225,400,4779.933222
226,512,7226.448501
227,5321,60142.8125
228,588,6665.674213
229,400,4189.313804
230,793,14261.25985
231,403,5172.632304
232,585,8651.946168
233,445,5906.979587
234,518,6780.342345
235,561,8100.596657
236,2184,23029.46484
237,396,4753.229685
238,440,6022.433117
239,492,7300.275929
240,1414,31823.54818
241,459,5828.439771
242,635,9921.1496
243,521,7078.008249
244,768,8827.089958
245,352,4135.906728
246,1018,20516.17082
247,1492,37336.25789
248,423,5933.683124
249,402,5096.448682
250,499,6628.760499
251,434,5819.800391
252,751,8303.6875
253,491,6860.452957
254,440,5347.776095
255,440,5089.380099
256,893,13335.27542
257,510,7052.875507
258,420,4991.205328
259,326,3597.123588
260,559,8007.919674
261,486,7071.725063
262,485,6358.583531
263,386,4739.877916
264,574,8136.724973
265,343,3687.444377
266,551,7795.076772
267,581,8325.220532
268,675,8206.625409
269,525,7319.910883
270,593,9469.545656
271,406,5340.707511
272,347,3308.882462
273,624,9406.713803
274,435,5563.76059
275,498,7372.53256
276,495,6785.054734
277,305,1893.720703
278,351,4169.678849
279,480,6059.346831
280,754,12479.19142
281,411,5566.902182
282,375,4668.406683
283,793,11451.10522
284,859,11966.32642
285,498,6840.818003
286,214,1442.776426
287,445,6013.008339
288,464,5826.083576
289,555,7323.837874
290,494,7220.950714
291,396,4592.223061
292,1108,16247.53181
293,645,5675.705078
294,539,7416.514857
295,497,6684.523769
296,417,5142.787174
297,682,10342.90841
298,1374,28179.3007
299,465,3725.408936
300,1530,39455.26214
301,560,7937.233839
302,487,6651.537046
303,424,5277.875658
304,1149,23528.95818
305,448,4757.942074
306,777,9729.512448
307,568,7564.95511
308,484,6548.649886
309,379,3601.202393
310,586,8798.815625
311,585,6045.995062
312,1136,15338.04073
313,614,8791.747041
314,436,5917.975161
315,456,6306.747252
316,680,7132.98612
317,553,8474.446183
318,554,7981.216136
319,468,6739.50164
320,588,8596.968297
321,525,7554.744934
322,449,6196.006111
323,581,8545.132018
324,532,6982.975071
325,686,12388.87063
326,482,6673.528194
327,543,7575.950684
328,546,7616.791389
329,6930,359093.4651
330,570,7278.28478
331,583,9192.300104
332,408,5374.479632
333,777,12693.60512
334,494,6553.362275
335,458,5716.127833
336,468,6281.614511
337,375,4737.521722
338,554,8523.926267
339,1785,40650.63814
340,577,7756.592262
341,848,11733.84856
342,407,5330.497335
343,578,7487.200692
344,1047,17337.66446
345,522,7111.78037
346,332,2564.470215
347,9616,549799.9201
348,475,5348.561493
349,322,3541.360319
350,275,2692.344904
351,373,2825.86792
352,374,3743.993045
353,445,6166.946379
354,387,4750.088092
355,409,3684.753418
356,367,4190.099202
357,643,10287.93054
358,554,7776.227216
359,524,8561.625379
360,575,7711.824566
361,588,9288.11868
362,555,7140.054703
363,428,5755.397741
364,478,6339.733975
365,415,4889.103567
366,513,6803.90429
367,531,7172.256028
368,578,7502.123257
369,662,10948.4504
370,843,14651.60274
371,881,12298.54984
372,507,7094.50161
373,489,6752.068011
374,512,5174.988499
375,456,4304.631836
376,785,11176.21587
377,762,9606.990335
378,487,5265.309287
379,404,4292.200963
380,446,5870.065873
381,542,7682.764834
382,564,8884.424024
383,534,7272.786993
384,390,4582.012885
385,361,4355.032816
386,475,5636.017221
387,340,3831.957639
388,453,5946.249495
389,636,9372.156284
390,457,6118.251693
391,495,6404.922023
392,512,5152.211952
393,513,7245.298057
394,423,5058.74957
395,726,11874.43483
396,464,6576.138822
397,1001,19676.58019
398,1162,18210.24182
399,571,8668.439529
400,322,2902.831612
401,424,6116.680897
402,484,6067.98621
403,541,8296.946198
404,445,6024.789311
405,564,8373.915218
406,625,8498.793526
407,562,7271.216197
408,955,13466.43691
409,435,6107.256119
410,464,6387.643263
411,402,5144.35797
412,14248,201411.0469
413,461,5899.125605
414,467,6241.559205
415,4610,217097.4041
416,377,4311.050519
417,787,9718.516874
418,549,7780.939605
419,638,10481.92389
420,472,6693.948547
421,466,6117.466295
422,443,6119.037091
423,1823,38959.76563
424,1032,13978.51651
425,351,4117.057173
426,670,9237.853198
427,1987,56054.65232
428,1466,32754.24501
429,437,5508.782718
430,661,10147.34427
431,548,7728.317928
432,374,4593.793858
433,580,6121.77002
434,448,5716.127833
435,447,5394.899984
436,588,8750.120938
437,445,6697.090139
438,1378,30359.56601
439,550,7306.559114
440,453,5756.968538
441,417,2536.836068
442,584,8126.514797
443,430,5721.62562
444,825,14717.57618
445,430,4644.05934
446,349,3319.472412
447,377,4257.643444
448,460,5133.362396
449,579,8267.886466
450,499,6971.194098
451,345,4032.234171
452,319,3656.813849
453,5422,256756.8698
454,484,4631.49297
455,485,6734.789251
456,730,8101.382055
457,573,8793.317837
458,514,7187.178593
459,1603,37750.94812
460,351,3931.703206
461,399,4588.296071
462,594,8849.866505
463,625,9483.682823
464,468,5285.72964
465,334,3671.736414
466,625,10628.00795
467,886,12194.09188
468,533,8427.322293
469,468,5514.280505
470,396,4220.72973
471,769,9387.078849
472,415,5726.338009
473,481,6773.273761
474,881,14783.54963
475,510,7086.647628
476,368,3454.746094
477,562,8812.167393
478,541,7680.40864
479,387,4338.539455
480,401,4680.973054
481,540,7977.289146
482,470,6861.238355
483,6102,310417.6285
484,402,3699.2229
485,463,6302.034863
486,413,5360.342465
487,418,5142.001776
488,508,6357.798133
489,385,4320.475297
490,647,9478.185036
491,734,12478.40602
492,1198,24585.31871
493,539,8044.04799
494,1039,23220.2967
495,512,6865.950744
496,430,5855.143308
497,467,4403.727502
498,427,5584.96634
499,431,6171.658768
500,299,2338.200439
501,583,9414.567785
502,697,8604.03688
503,492,6914.645431
504,347,2914.830566
505,1416,20426.59766
506,1055,19548.56029
507,4546,187839.7517
508,365,4623.638988
509,483,7113.351166
510,440,4208.163359
511,315,1905.43457
512,567,6538.197754
513,1232,23331.03784
514,1015,19956.96733
515,402,4803.495167
516,507,6504.667589
517,420,5473.439801
518,509,6704.158723
519,486,6858.096763
520,591,9127.897455
521,523,7251.581243
522,567,4735.45752
523,405,5059.534969
524,548,8655.087761
525,554,7976.503747
526,395,4439.855818
527,726,12568.72681
528,1694,42716.23531
529,730,8128.870991
530,493,6290.253891
531,282,1193.57312
532,323,3539.004124
533,669,9665.109799
534,486,4979.424356
535,582,8395.906367
536,733,8760.331115
537,228,1960.353816
538,552,7627.001565
539,549,8546.702814
540,539,7539.03697
541,519,6961.76932
542,337,3747.920036
543,303,2948.384705
544,4637,62994.34766
545,450,5724.767213
546,2288,58633.89989
547,708,12543.59407
548,6819,101239.8203
549,443,5819.014993
550,638,10105.71817
551,1015,17362.0118
552,324,3311.238657
553,486,6603.627758
554,751,9057.21162
555,440,5793.882251
556,968,21884.33442
557,879,17555.21975
558,546,8181.492668
559,365,3816.249676
560,1291,27186.55743
561,435,5614.81147
562,424,5245.674333
563,371,3527.223152
564,407,4877.322595
565,412,5361.127863
566,622,9504.888573
567,2763,85118.31136
568,543,4488.646973
569,461,5370.552641
570,513,7028.528164
571,773,13540.26434
572,641,9673.749179
573,446,5861.426493
574,536,7048.948516
575,535,6691.592352
576,382,4138.262923
577,411,5210.331416
578,415,4732.023934
579,385,4962.145596
580,452,5567.68758
581,403,4914.236308
582,686,7599.512629
583,505,7353.683004
584,408,3533.611084
585,580,8271.028059
586,557,8686.503687
587,717,9621.127502
588,412,4888.318169
589,391,4000.032846
590,826,15905.88361
591,416,4911.880114
592,607,8305.585578
593,486,6712.798103
594,519,7821.780309
595,420,5226.039379
596,434,5344.634502
597,432,5273.948667
599,517,7380.386541
600,451,3953.91333
601,413,5415.320337
602,565,8256.105494
603,444,5725.552611
604,1057,21396.60217
605,513,6571.426433
606,437,6038.14108
607,434,5417.676531
608,476,6726.935269
609,468,5684.711907
610,408,4726.526147
611,410,4956.647809
612,451,6011.437543
613,447,5887.344633
614,642,7715.862793
615,421,5782.886677
616,4523,248961.0076
617,277,2578.46217
618,486,7017.53259
619,494,3157.300617
620,353,2751.249766
621,393,4781.504019
622,350,3365.43113
623,411,5574.756164
624,462,5849.645521
625,1210,28413.34936
626,440,5630.519433
627,646,11718.1406
628,400,4337.754056
629,537,7107.853379
630,597,8767.399698
631,6047,325080.2268
632,445,5558.262802
633,605,10210.17612
634,671,10897.39952
635,802,8241.02832
636,455,6699.446334
637,5209,58386.43359
638,680,11134.58976
639,500,6846.31579
640,451,5404.324762
641,332,3705.508535
642,454,5782.101279
643,887,12072.35517
644,812,10155.19825
645,756,10485.06548
646,524,7898.749329
647,741,12825.55201
648,470,6394.711846
649,796,14876.22661
650,331,4270.209814
651,476,5811.161011
652,572,8036.979406
653,1827,44931.05813
654,803,12017.3773
655,477,6915.430829
656,304,2224.348633
657,428,5185.198675
658,799,15099.27969
659,860,12531.0277
660,1230,28847.67454
661,451,5792.311455
662,2130,69590.98967
663,357,4454.778383
664,628,9127.897455
665,338,3827.24525
666,333,3460.464308
667,573,7737.742706
668,456,6569.855637
669,341,2955.904053
670,1606,43529.90781
671,385,4127.267349
672,588,8444.601053
673,407,4183.578125
674,345,3885.364714
675,485,5799.380039
676,457,6027.930904
677,469,6188.152129
678,464,5781.315881
679,654,9344.667348
680,477,6606.76935
681,541,4997.541016
682,357,4124.125756
683,495,6827.466234
684,12834,426954.5938
685,410,5204.048231
686,451,4276.609863
687,614,7791.149781
688,422,5262.953093
689,352,4019.6678
690,396,5287.300436
691,503,5350.132289
692,1149,20608.84781
693,441,6119.822489
694,382,2650.424805
695,402,3267.25636
696,562,6094.499512
697,695,8168.140899
698,387,4926.802679
699,493,7107.853379
700,600,7517.045822
701,470,6213.284871
702,817,10295.78452
703,315,3492.665633
704,674,4165.751859
705,571,9257.488152
706,603,9923.505795
707,540,4065.766113
708,2473,84009.32915
709,476,4288.320801
710,449,6518.804756
711,497,7431.437422
712,631,8983.384193
713,331,3354.435556
714,418,4121.166992
715,476,5004.557097
716,360,3828.816047
717,572,6299.483398
718,431,6038.926478
719,388,4628.351377
720,455,5191.48186
721,720,8870.286857
722,632,10470.14292
723,464,5317.930964
724,385,4578.085894
725,489,4709.740723
726,559,8468.948396
727,435,4541.172181
728,375,4680.973054
729,430,4981.78055
730,597,6999.608887
731,1583,37738.38175
732,3776,167870.218
733,721,13153.06304
734,712,12682.60954
735,453,6013.793737
736,413,5172.632304
737,370,3673.30721
738,780,13847.35502
739,872,14979.11377
740,737,8236.47054
741,579,8970.817822
742,601,8793.317837
743,1700,40090.64925
744,414,5053.251783
745,578,7965.508173
746,377,4377.809363
747,512,6532.156525
748,359,4367.599187
749,389,4674.689869
750,596,9559.081047
751,450,6062.488423
752,647,10167.76462
753,740,10075.87304
754,409,5098.019479
755,920,10696.33759
756,446,5575.541562
757,364,4486.194309
758,321,2210.681396
759,340,4528.60581
760,348,3974.900105
761,588,6553.88916
762,527,7038.73834
763,346,2763.932861
764,406,5396.470781
765,367,4417.079271
766,549,8113.163028
767,512,8153.218334
768,655,9973.771277
769,468,5724.767213
770,624,8794.888634
771,543,7206.028149
772,499,7148.694083
773,434,6234.490621
774,413,5083.882312
775,462,5516.6367
776,343,3502.875809
777,472,6071.127803
778,376,4285.132379
779,447,5599.888905
780,3536,33277.58984
781,397,4998.273912
782,784,11776.26006
783,430,5818.229594
784,544,8133.58338
785,486,6832.964022
786,478,6404.922023
787,436,5537.84245
788,883,11081.96809
789,488,7001.824627
790,421,6195.220713
791,524,8033.837813
792,610,9720.08767
793,667,10707.33316
794,708,12586.00557
795,550,8245.109919
796,5983,270989.8553
797,374,4593.00846
798,448,6177.941953
799,386,4343.251844
800,678,7337.189642
801,476,7039.523739
802,478,6546.293692
803,391,5021.835857
804,420,5122.366822
805,386,4287.488574
806,570,8249.822308
807,461,6375.076892
808,405,4772.864639
809,402,4653.484118
810,417,4678.616859
811,516,6071.913201
812,803,8143.691406
813,458,4860.418945
814,436,5716.127833
815,450,4384.115723
816,441,6081.337979
817,399,4726.526147
818,1098,15380.12305
819,451,5835.508354
820,747,14133.23995
821,472,5513.495107
822,656,10245.51904
823,488,6420.629986
824,5174,225817.6799
825,436,5551.194219
826,393,4582.798283
827,920,12695.96131
828,504,6765.41978
829,396,4621.282793
830,559,8629.169621
831,509,7282.997169
832,436,5794.66765
833,507,7670.198464
834,527,7427.510431
835,515,6705.729519
836,896,10679.84423
837,564,8544.34662
838,399,4730.453138
839,393,4730.453138
840,695,12165.81755
841,1171,23334.17943
842,585,8429.678488
843,411,5200.906638
844,557,8144.578954
845,477,6320.099021
846,629,8637.809001
847,546,8267.886466
848,494,7449.50158
849,341,3507.588198
850,627,9390.220442
851,564,7253.937437
852,459,5984.734005
853,359,3414.911214
854,404,4669.97748
855,456,6276.902122
856,548,7967.864368
857,542,7610.508203
858,354,2719.212402
859,415,5627.377841
860,399,4695.895619
861,491,6978.262682
862,320,1492.856445
863,1264,30631.31377
864,554,7465.994941
865,474,6421.415384
866,392,5265.309287
867,452,5625.021646
868,473,4906.408203
869,392,4792.499593
870,487,6944.490561
871,465,5843.362336
872,471,6434.767153
873,653,7311.271503
874,466,6645.253861
875,465,6525.087942
876,499,6755.209603
877,516,5802.865723
878,604,9634.47927
879,555,7820.209513
880,429,5416.105735
881,477,6422.200782
882,621,10430.87301
884,376,4056.581514
885,417,3336.536621
886,535,8099.811259
887,441,6002.798163
888,849,15444.06949
889,503,6511.736173
890,949,20522.45401
891,1424,26686.2588
892,350,4169.678849
893,514,7310.486105
894,546,7971.791358
895,421,5697.278277
896,498,6931.138792
897,389,2949.876465
898,530,7266.503808
899,772,9375.521484
900,428,3964.418945
901,455,6054.634442
902,429,5604.601294
903,537,8175.209483
904,503,7119.634351
905,481,6034.999488
906,568,8692.001474
907,686,9943.926147
908,328,3715.718711
909,450,4477.305176
910,365,4105.2762
911,499,6351.514947
912,1093,20681.10444
913,416,5320.287159
914,757,12064.50119
915,548,7122.775944
916,372,4282.776185
917,459,6840.818003
918,386,4699.037212
919,342,4018.097004
920,317,3643.46208
921,396,4870.254011
922,428,5937.610115
923,852,15262.64251
924,484,5722.411019
925,499,7027.742766
926,402,3606.634277
927,467,7384.313532
928,298,1579.644897
929,566,8574.19175
930,467,5499.35794
931,418,4871.039409
932,654,8073.89312
933,464,6959.413126
934,450,6141.813638
935,437,4802.709769
936,561,8812.952791
937,385,4888.318169
938,5595,61936.63672
939,678,9531.592111
940,1409,32512.34237
941,450,5522.134487
942,317,3612.831552
943,413,5218.970796
944,430,5187.554869
945,499,7068.583471
946,510,6272.189733
947,431,4976.282763
948,513,6286.3269
949,331,3742.422249
950,411,5017.908866
951,1087,20459.62216
952,347,3836.670028
953,433,5187.554869
954,394,4813.705343
955,362,4635.41996
956,620,9253.561161
957,399,5004.557097
958,613,8874.999246
959,1560,28884.66016
960,740,10454.43495
961,1100,15681.25973
962,491,6853.384374
963,481,6826.680836
964,1137,20993.69291
965,415,5193.838055
966,619,7950.585608
967,368,4629.922173
968,384,4292.986361
969,565,8328.362125
970,458,5768.74951
971,766,13742.89706
972,353,4197.953183
973,1055,18548.74842
974,347,3694.512961
975,460,6509.379978
976,437,5786.813668
977,1145,17630.61797
978,615,8121.802408
979,478,6582.422007
980,425,4825.486316
981,421,5427.886707
983,475,6280.043715
984,813,15191.17128
985,644,9570.076621
986,412,5127.079211
987,594,6574.565918
988,354,3895.57489
989,604,8954.324461
990,693,10401.02788
991,437,5274.734065
992,527,6949.988348
993,648,10942.95261
994,424,5268.45088
995,436,5223.683185
996,560,8311.868763
997,472,6556.503868
998,394,4433.572632
999,516,7070.939665
1000,517,7754.236067
1001,495,6382.930874
1002,699,9238.638596
1003,354,3958.406744
1004,702,7357.609995
1005,392,4511.327051
1006,407,5191.48186
1007,628,6852.598976
1008,393,4366.02839
1009,513,7063.871082
1010,420,5195.408851
1011,637,6814.114466
1012,405,4508.970856
1013,533,6805.475086
1014,522,6836.105614
1015,429,5174.2031
1016,4500,204868.7547
1017,483,6448.90432
1018,856,5573.185367
1019,548,7990.640914
1020,415,5150.641156
1021,708,11837.52112
1022,900,16559.33488
1023,479,6006.725154
1024,417,5476.581393
1025,466,5716.913231
1026,577,8333.859912
1027,467,5540.198645
1028,1005,14427.76426
1029,458,6189.722926
1030,537,5072.101339
1031,425,4940.154448
1032,461,6653.89324
1033,440,6167.731777
1034,582,9272.410717
1035,1938,53367.0198
1036,332,3662.311636
1037,2181,25604.5957
1038,297,3239.767424
1039,526,7339.545837
1040,288,1946.45166
1041,415,4048.148193
1042,404,5393.329188
1043,734,11491.94593
1044,534,7864.977208
1045,349,3528.00855
1046,483,6737.145446
1047,418,5023.406653
1048,615,8722.632003
1049,4153,70267.92969
1050,608,9873.240312
1051,419,5120.010627
1052,538,6863.59455
1053,553,8571.835555
1054,217,841.5863037
1055,539,7101.570193
1056,540,7960.795784
1057,396,4979.424356
1058,389,4542.742977
1059,429,3143.264893
1060,548,7713.395363
1061,403,4902.455336
1062,507,5998.871172
1063,535,7716.536955
1064,779,11207.63179
1065,372,4552.167755
1066,538,7527.255998
1067,347,3609.689959
1068,394,4663.694294
1069,540,7415.729459
1070,512,6746.570224
1071,486,4850.101074
1072,386,4455.563781
1073,696,7945.873219
1074,2841,101846.5068
1075,613,7804.50155
1076,391,4843.550474
1077,474,5055.607978
1078,535,7894.822338
1079,457,5802.521631
1080,335,3526.437754
1081,416,5215.043805
1082,916,13834.78865
1083,522,7329.335661
1084,423,5365.840252
1085,798,11885.43041
1086,545,7696.116603
1087,510,6700.231732
1088,442,5613.240674
1089,473,6452.83131
1090,440,4546.696289
1091,1580,39295.82631
1092,556,8046.404184
1093,423,5390.187595
1094,587,9306.182838
1095,1041,21672.27692
1096,477,6606.76935
1097,561,8907.200571
1098,1888,46359.69739
1099,491,6635.043684
1100,502,7325.40867
1101,736,11609.75565
1102,533,7824.921902
1103,373,4695.110221
1104,388,4810.563751
1105,414,5625.021646
1106,527,7264.933011
1107,490,7169.899834
1108,434,5550.408821
1110,575,9399.64522
1111,872,14287.96339
1112,437,5511.924311
1113,1007,18954.79928
1114,404,5081.526117
1115,422,5821.371187
1116,377,4399.015113
1117,467,6027.145506
1118,490,5878.705253
1119,391,4630.707571
1120,649,10185.82878
1121,482,6803.118891
1122,570,8833.373144
1123,412,5072.886737
1124,435,3140.021857
1125,466,5958.030468
1126,487,4568.661116
1127,573,8013.417461
1128,1698,47679.16631
1129,477,6122.178684
1130,431,6003.583561
1131,528,7350.541411
1132,396,4770.508444
1133,421,3793.865723
1134,510,7250.010446
1135,519,6860.452957
1136,429,5179.700888
1137,521,5263.738491
1138,439,5281.017251
1139,968,13223.74888
1140,361,3559.424477
1141,458,6328.738401
1142,434,5027.333644
1143,474,6876.946319
1144,406,5789.955261
1145,446,5859.070299
1146,430,4866.32702
1147,513,7495.054673
1148,569,8663.72714
1149,280,2115.388184
1150,487,6157.521601
1151,583,8545.917416
1152,452,6064.05922
1153,552,8099.811259
1154,543,7742.455095
1155,428,5310.862381
1156,559,8571.050157
1157,321,1916.121094
1158,1772,42571.72205
1160,497,5449.092458
1161,397,4642.488544
1162,466,5474.225199
1163,347,4160.254072
1164,360,3025.743896
1165,730,11846.1605
1166,775,8499.578924
1167,468,6108.826915
1168,857,13306.21568
1169,718,8404.545747
1170,389,4285.917778
1171,5691,49481.08984
1172,698,10648.4283
1173,441,5752.256149
1174,418,5283.373445
1175,373,4567.09032
1176,467,6209.35788
1177,398,4587.510672
1178,448,5745.972963
1179,404,2411.770264
1180,634,7247.280273
1181,366,4384.092548
1182,344,4812.919945
1183,473,5662.720758
1184,16181,1289947.368
1185,598,9621.127502
1186,354,4142.189914
1187,441,5779.745084
1188,497,7031.669757
1189,585,6226.384766
1190,381,4904.026132
1191,457,6350.729549
1192,520,7096.857804
1193,610,9755.430588
1194,475,6360.939725
1195,939,11633.3176
1196,580,9380.010265
1197,474,6102.54373
1198,425,5021.050459
1199,495,4910.393066
1200,376,4336.968658
1201,437,5468.727412
1202,383,4146.902303
1203,364,3930.13241
1204,471,4105.305176
1205,531,7041.094535
1206,435,5800.165437
1207,795,9859.888543
1208,454,6000.441968
1209,901,10319.93652
1210,351,3651.316062
1211,444,5376.835827
1212,579,8648.019177
1213,500,6317.742826
1214,500,6906.006051
1215,328,3483.240855
1216,467,6079.767183
1217,460,6090.762757
1218,1047,21098.15086
1219,309,2342.057323
1220,511,7007.322414
1221,610,6695.936523
1222,666,10397.10089
1223,476,6376.647689
1224,470,6595.773776
1225,700,9562.222639
1226,483,6413.561402
1227,333,3289.247508
1228,639,5258.107422
1229,408,5079.955321
1230,872,16438.38356
1231,483,7037.952942
1232,511,6854.169772
1233,1108,16487.86364
1234,552,7813.140929
1235,408,5262.167695
1236,448,5424.745115
1237,613,8593.041306
1238,635,9821.404033
1239,508,8007.919674
1240,429,5451.448652
1241,441,3917.700928
1242,313,2372.044189
1243,466,6589.490591
1244,492,7149.479481
1245,502,7237.444076
1246,536,7400.806894
1248,426,5312.433177
1249,414,5458.517236
1250,1471,32047.38666
1251,407,3672.815186
1252,603,9295.972662
1253,1268,37210.59419
1254,340,3763.627999
1255,578,6673.528194
1256,356,3831.957639
1257,792,13913.32846
1258,859,11092.17826
1259,616,9722.443865
1260,426,5391.758392
1261,448,4210.519554
1262,324,3548.428902
1263,428,5317.930964
1264,434,5755.397741
1265,498,6465.397681
1266,443,5890.486225
1267,409,5284.944242
1268,365,3980.397892
1269,685,11256.32648
1270,441,6064.05922
1271,408,5319.501761
1272,433,5475.010597
1273,383,3561.826172
1274,388,4498.76068
1275,343,3936.415595
1276,452,5610.099081
1277,507,7344.258226
1278,538,7997.709498
1279,379,4471.271744
1280,366,4330.685473
1281,375,4468.130152
1282,439,5371.338039
1283,533,4284.13623
1284,534,6913.074634
1285,570,5858.284901
1286,899,16952.03396
1287,362,4468.130152
1288,347,4029.092578
1289,877,11385.13178
1290,568,8716.348817
1291,537,8390.40858
1292,516,7015.961794
1293,1289,25298.46024
1294,426,4987.278338
1295,434,5452.23405
1296,541,7497.410868
1297,531,5614.81147
1298,896,11388.48926
1299,483,7243.727261
1300,543,8778.395272
1301,499,6693.948547
1302,610,6349.158753
1303,418,5094.092488
1304,411,5367.411049
1305,963,18478.84799
1306,563,8128.870991
1307,655,6737.930844
1308,664,11177.78666
1309,707,8929.19172
1310,440,5021.050459
1311,417,3798.185518
1312,582,7867.333403
1313,787,14920.20891
1314,869,10991.6473
1315,1248,16876.75
1316,493,4818.417732
1317,691,11513.15168
1318,431,5769.534908
1319,505,6536.868914
1320,395,5078.384525
1321,372,4186.957609
1322,469,6188.937528
1323,415,3176.150173
1324,541,8240.39753
1325,365,4217.588137
1326,1040,15318.40578
1327,452,5328.926539
1328,528,5032.492188
1329,390,3517.879639
1330,548,8487.797952
1331,915,14393.20674
1332,380,4839.623483
1333,411,5202.477434
1334,466,5632.09023
1335,321,2019.690918
1336,460,5687.853499
1337,241,981.1687622
1338,426,5227.610176
1339,456,6444.977329
1340,455,6126.105675
1341,332,3048.130272
1342,401,4867.112419
1343,513,7228.804696
1344,337,4466.559355
1345,389,5044.612404
1346,1153,23925.58425
1347,564,8062.112147
1348,640,9335.24257
1349,354,3700.796146
1350,477,6134.745054
1351,380,3166.219238
1352,392,4885.961974
1353,392,2443.190186
1354,445,4819.203131
1355,584,8586.75812
1356,837,12984.20244
1357,470,6647.610055
1358,566,7967.864368
1359,388,4844.335872
1360,470,6302.034863
1361,368,3241.662109
1362,421,5535.486256
1363,497,6725.364473
1364,398,4556.880144
1365,427,5609.313683
1366,440,5909.335781
1367,438,5335.209724
1368,425,4922.875688
1369,430,5546.48183
1370,693,11308.16276
1371,407,5050.895589
1372,407,4813.705343
1373,457,6116.680897
1374,500,6796.050308
1375,5093,54658.35938
1376,491,7170.685232
1377,564,8805.884208
1378,664,10429.30221
1379,323,3267.25636
1380,491,6296.537076
1381,354,2918.442139
1382,753,13479.00328
1383,651,8323.649736
1384,551,8347.211681
1385,558,7656.061297
1386,761,15067.86376
1387,611,9914.866415
1388,588,9091.769139
1389,479,5934.468523
1390,493,6986.902062
1391,459,6383.716272
1392,425,5240.961944
1393,318,3024.568327
1394,484,6724.579075
1395,415,5061.891163
1396,686,11740.91714
1397,408,4669.192081
1398,587,9599.136353
1399,789,9803.96875
1400,347,3782.477555
1401,808,14195.28641
1402,1460,32223.31585
1403,500,6994.756043
1404,452,5848.074725
1405,375,3265.62915
1406,1222,28941.13692
1407,478,6619.335721
1408,366,4491.692096
1409,284,2861.990907
1410,748,12982.63164
1411,504,6949.20295
1412,603,8175.994881
1413,415,5305.364594
1414,449,5781.315881
1415,347,3598.694385
1416,371,4651.127924
1417,1219,27468.51537
1418,459,4741.448712
1419,336,3513.085985
1420,572,7627.001565
1421,515,7141.6255
1422,365,4090.353635
1423,809,15571.30399
1424,433,5190.696462
1426,405,5669.003943
1427,810,8340.862305
1428,318,3604.192172
1429,571,8582.045731
1430,400,4095.851422
1431,787,14126.17137
1432,307,2158.118408
1433,663,9614.058918
1434,510,7436.935209
1435,746,12463.48345
1436,493,6567.499442
1437,453,5598.318109
1438,818,13866.20457
1439,832,12769.78874
1440,625,9409.855396
1441,808,8961.040039
1442,392,4529.391208
1443,1272,26510.32961
1444,389,4782.289417
1445,677,11919.98793
1446,523,7776.227216
1447,411,5141.216378
1448,1493,39903.72449
1449,373,4502.687671
1450,419,5609.313683
1451,977,15814.77742
1452,413,5409.822549
1453,580,8863.218274
1454,397,4961.360198
1455,389,4476.769531
1456,624,10270.65178
1457,475,6276.902122
1458,621,9435.773535
1459,342,3930.13241
1460,473,5615.596868
1461,565,8347.211681
1462,408,5206.404425
1463,485,6660.176426
1464,479,6797.621104
1465,449,5544.125635
1466,401,5242.532741
1467,422,5204.833629
1468,268,2598.097125
1469,392,3400.688232
1470,358,3991.393466
1471,575,9418.494775
1472,488,6559.645461
1473,455,6395.497245
1474,1080,20686.60223
1475,395,4507.40006
1476,406,5162.422128
1477,412,5074.457534
1478,429,5980.807014
1479,392,4799.568177
1480,517,7333.262652
1481,450,4458.052734
1482,488,6438.694144
1483,406,4473.627939
1484,455,5734.191991
1485,845,10994.78889
1486,423,3629.337646
1487,721,11911.34855
1488,467,5908.550383
1489,347,3872.012946
1490,531,7796.647568
1491,471,6568.28484
1492,496,5935.253921
1493,605,8533.351045
1494,569,8399.833358
1495,440,5614.026072
1496,680,11926.27111
1497,368,4056.581514
1498,944,14247.90808
1499,435,5676.072527
1500,1189,18022.53166
1501,503,7963.151979
1502,668,8192.488242
1503,444,5504.855727
1504,442,6327.167604
1505,469,6712.012704
1506,473,7098.428601
1507,595,8318.151949
1508,324,3150.232033
1509,519,4615.500977
1510,551,6993.185247
1511,382,4305.552732
1512,475,6510.165376
1513,3353,126214.2703
1514,372,4227.012915
1515,476,3811.068115
1516,401,4375.453168
1517,349,4160.254072
1518,333,3619.900135
1519,458,6561.216257
1520,463,5906.194189
1521,547,7815.497124
1522,366,4452.422188
1523,394,4735.950925
1524,341,3890.077103
1525,420,5390.187595
1526,440,5927.399939
1527,481,6192.07912
1528,302,1720.987427
1529,524,7779.368808
1530,1120,19627.1001
1531,540,5488.565918
1532,393,3440.093018
1533,478,5875.56366
1534,552,7677.267047
1535,663,11054.47915
1536,646,4851.533203
1537,389,3318.262207
1538,328,3703.15234
1539,408,5000.630106
1540,452,6089.191961
1541,388,4024.380189
1542,855,10553.39512
1543,343,3531.935541
1544,617,8948.826674
1545,451,5991.802589
1546,387,4245.077073
1547,478,6609.910943
1548,468,5628.948637
1549,501,7539.822369
1550,401,4859.258437
1551,544,7545.320156
1552,515,6719.081288
1553,370,3380.130859
1554,465,6210.143278
1555,430,5389.402197
1556,443,5277.875658
1557,347,3959.192142
1558,452,5947.820291
1559,424,5541.769441
1560,531,5478.937588
1561,436,5193.838055
1562,419,5142.001776
1563,1503,33938.62544
1564,335,3293.959897
1565,421,5418.461929
1566,461,6511.736173
1567,453,6104.899924
1568,407,5035.187626
1569,670,8780.751467
1570,1326,12684.89258
1571,446,5306.93539
1572,347,3790.331537
1573,558,8188.561252
1574,464,6228.992834
1575,438,5292.798223
1576,279,2995.508595
1577,1188,22873.15071
1578,392,5133.362396
1579,391,4666.050489
1580,417,5376.835827
1581,505,7170.685232
1582,426,2994.962402
1583,610,10174.83321
1584,606,9384.722654
1585,349,3969.402318
1586,936,16004.05838
1587,471,6540.795905
1588,903,18040.59581
1589,506,7333.262652
1590,579,7157.333463
1591,425,5431.0283
1592,454,4999.844708
1593,518,7557.886526
1594,340,3890.862501
1595,535,6840.032605
1596,469,6266.691946
1597,706,10656.28228
1598,623,10156.76905
1599,663,9313.251422
1600,204,757.3689575
1601,585,9062.709407
1602,390,3942.69878
1603,370,4452.422188
1604,716,12018.94809
1605,1847,52221.90928
1606,361,3931.703206
1607,452,6734.003853
1608,453,5157.709739
1609,473,6399.424235
1610,607,9287.333282
1611,467,6476.393255
1612,559,8611.105463
1613,446,5442.023874
1614,333,3611.260755
1615,433,4039.916992
1616,402,4958.218606
1617,356,4029.877976
1618,519,6553.362275
1619,371,4017.311606
1620,703,11047.41057
1621,400,3438.922607
1622,1487,36264.9748
1623,419,5076.02833
1624,216,855.9933472
1625,417,4951.150022
1626,583,8663.72714
1627,523,7897.178533
1628,493,3689.301025
1629,370,4179.103627
1630,648,7623.341797
1631,555,8569.479361
1632,567,7522.543609
1633,494,6937.421977
1634,444,5701.205268
1635,460,6509.379978
1636,896,16735.26407
1637,460,5525.27608
1638,391,3443.805176
1639,562,7429.081228
1640,626,10155.19825
1641,361,4775.220833
1642,382,4273.351407
1643,454,6432.410958
1644,429,5033.616829
1645,397,4790.143399
1646,524,6938.207375
1647,842,16114.79952
1648,614,10219.6009
1649,461,6155.950805
1650,4982,77943.94531
1651,439,5789.169862
1652,363,4348.749631
1653,410,5225.253981
1654,568,8556.91299
1655,525,7450.286978
1656,638,7597.941833
1657,419,4817.632334
1658,540,7240.585668
1659,1068,22071.25919
1660,520,6410.41981
1661,976,13420.09842
1662,391,4897.742947
1663,539,7288.494956
1664,1197,23250.92723
1665,498,7335.618846
1666,400,4090.353635
1667,445,5739.689778
1668,397,5066.603552
1669,4629,129875
1670,311,2783.451091
1671,471,5946.249495
1672,562,8136.724973
1673,379,4388.019539
1674,740,12850.68475
1675,459,6338.948577
1676,674,7345.043624
1677,429,5438.882282
1678,335,3763.627999
1679,1202,18324.12455
1680,439,5720.840222
1681,452,5616.382266
1682,392,4407.654493
1683,627,9899.94385
1684,516,8137.510371
1685,488,6756.7804
1686,566,9059.567815
1687,665,9434.202739
1688,1110,16642.58708
1689,422,5081.526117
1690,1458,21556.80469
1691,557,7259.435224
1692,391,4667.621285
1693,364,3908.926659
1694,459,6338.948577
1695,615,6646.039259
1696,385,4461.061568
1697,5263,43087.16016
1698,310,3685.873581
1699,512,7029.313562
1700,617,10227.45488
1701,512,7276.713984
1702,377,4522.322625
1703,605,8263.959475
1704,487,6294.96628
1705,460,5306.149992
1706,362,2998.9646
1707,516,6734.003853
1708,525,6932.709588
1709,881,11668.66051
1710,464,5526.846876
1711,7121,60419.55859
1713,389,4443.782809
1714,498,7272.786993
1715,487,6504.667589
1716,347,3758.130212
1717,288,2349.234375
1718,375,4209.734156
1719,476,6490.530422
1720,4110,47182.85547
1722,323,2379.539307
1723,428,4803.495167
1724,385,4959.789402
1726,377,4091.924431
1727,512,6969.623302
1728,597,8000.851091
1729,358,3927.776215
1730,564,8378.627607
1731,409,4974.711967
1732,415,5717.69863
1733,7568,436507.8059
1734,620,4980.995152
1735,686,10715.97254
1736,465,2861.020996
1737,526,8205.054613
1738,449,5126.293812
1739,272,2294.148035
1740,344,3803.683305
1741,303,2789.734276
1742,453,5661.149962
1743,336,3392.134668
1744,358,4237.223092
1745,850,10189.75577
1746,396,4600.077043
1747,472,4190.044922
1748,293,2897.333825
1749,393,4767.366852
1750,747,7561.685059
1751,424,5286.515038
1752,618,8386.481589
1753,713,12306.40382
1754,368,2951.718506
1755,438,5987.0902
1756,510,7026.17197
1757,443,6133.959656
1758,389,5094.877886
1759,264,2581.603763
1760,466,5551.194219
1761,446,5581.039349
1764,446,6016.149932
1765,637,9844.18058
1766,604,9050.928435
1767,573,8001.636489
1768,410,5323.428752
1769,558,8404.545747
1770,432,4219.853516
1771,331,3894.004094
1772,700,12293.83745
1773,376,4380.950955
1774,1057,23096.20379
1775,1260,27587.11049
1776,464,6715.939695
1777,480,7087.433026
1778,440,5607.742887
1779,425,5312.433177
1780,330,3510.72979
1781,377,4341.681047
1782,424,5964.313653
1783,377,4315.762908
1784,462,5793.882251
1785,556,8647.233779
1786,1459,20880.47461
1787,332,2886.188721
1788,1492,34713.02803
1789,731,9542.587685
1790,456,4547.228516
1791,688,9391.00584
1792,566,8391.193978
1793,499,7198.174168
1794,493,6902.07906
1795,440,5383.90441
1796,463,5903.052596
1797,449,4921.304892
1798,884,16893.1291
1799,656,9445.983711
1800,677,10950.02119
1801,616,8842.012524
1802,749,9175.021345
1803,348,3878.296131
1804,573,8753.262531
1805,350,4075.43107
1806,564,5403.27002
1807,416,5144.35797
1808,913,11577.55433
1809,732,11602.68707
1810,339,4608.716423
1811,604,7681.194038
1812,431,4344.037242
1813,637,9939.999156
1814,398,4684.900045
1815,370,4316.548306
1816,368,4368.384585
1817,483,6592.632184
1818,339,4384.877946
1819,888,13635.29751
1820,407,3057.763184
1821,502,7857.908625
1822,393,4795.641186
1823,884,15833.62697
1824,548,7026.17197
1825,495,6390.784856
1826,426,4964.501791
1827,404,5033.616829
1828,647,7083.506036
1829,534,7621.503778
1830,636,10243.94825
1831,334,2486.006104
1832,592,9326.60319
1833,442,6223.495047
1834,457,3626.80127
1835,501,6973.550293
1836,446,4876.537197
1837,392,3354.894531
1838,683,10368.04116
1839,342,3473.816077
1840,361,4293.771759
1841,255,2267.444498
1842,452,5912.477374
1843,306,2575.048096
1844,507,6986.116663
1845,448,2955.453289
1846,5717,178001.2969
1847,459,5831.581363
1848,431,5497.001746
1849,497,6752.068011
1850,549,8425.751497
1851,429,4008.443604
1852,440,4300.840343
1853,429,4538.815986
1854,496,5776.603492
1855,744,12195.66268
1856,476,6090.762757
1857,5334,247439.6914
1858,443,5957.245069
1859,457,6109.612313
1860,485,7024.601173
1861,373,4478.340328
1862,876,11073.32871
1863,434,5621.094655
1864,493,7012.820201
1865,1099,25426.48014
1866,573,8274.95505
1867,513,6807.83128
1868,345,3178.506367
1869,434,6019.291524
1870,6669,55331.14063
1871,423,5250.386722
1872,463,6386.072467
1873,501,7203.671955
1874,679,10676.70263
1875,531,7002.610025
1876,434,5449.877856
1877,650,10804.72253
1878,680,11339.57868
1879,259,1557.917236
1880,435,5726.338009
1881,474,6601.271563
1882,406,5175.773897
1883,657,11283.03002
1884,391,2389.966611
1885,657,10836.92386
1886,802,15256.35932
1887,351,3867.300557
1888,672,9134.966038
1889,379,3887.720909
1890,589,8274.95505
1891,934,17316.45871
1892,621,9792.344301
1893,600,8125.729399
1894,517,6749.711816
1895,580,8259.247086
1896,445,6038.926478
1897,448,5995.729579
1898,706,11535.14283
1899,460,5700.41987
1900,590,9400.430618
1901,325,3434.546169
1902,335,3713.362517
1903,629,9980.054462
1904,551,6381.360078
1905,489,4759.416992
1906,591,9681.60316
1907,307,3401.559446
1908,629,10358.61638
1909,401,5139.645581
1910,422,5284.158843
1911,609,8932.333312
1912,444,5792.311455
1913,544,6046.472168
1914,551,7729.103326
1915,461,6051.492849
1916,486,6313.030437
1917,365,3839.811621
1918,591,8328.362125
1919,567,8760.331115
1920,413,5002.986301
1921,433,5906.979587
1922,385,4139.833719
1923,408,5321.857955
1924,438,5754.612343
1925,526,5558.262802
1926,372,4523.108023
1927,700,12477.62062
1928,349,4100.563811
1929,527,7196.603371
1930,439,5562.189793
1931,419,5891.271624
1932,1125,25427.26554
1933,450,6019.291524
1934,355,4236.437693
1935,557,6822.753845
1936,686,9500.176184
1937,385,4459.490772
1938,654,9863.815534
1939,554,6831.393225
1940,479,6600.486165
1941,1112,21204.96501
1942,441,5474.225199
1943,692,10266.72479
1944,500,7193.461779
1945,444,5516.6367
1946,486,6466.968477
1947,317,3200.497516
1948,204,716.4341431
1949,708,10834.56766
1950,479,7040.309137
1951,347,3701.581544
1952,646,7798.218364
1953,2538,44548.35547
1954,527,8459.523618
1955,530,5028.119042
1956,518,7051.304711
1957,459,5811.946409
1958,488,7058.373294
1959,429,5222.112388
1960,1267,29949.58816
1961,563,6281.22168
1962,391,5023.406653
1963,409,4778.362426
1964,524,5564.179199
1965,457,6097.831341
1966,504,7028.528164
1967,427,5238.60575
1968,1005,14139.52314
1969,374,4652.69872
1970,402,5226.824777
1971,456,6045.995062
1972,336,3531.150143
1973,397,3938.771789
1974,507,7008.89321
1975,455,5989.446394
1976,587,9058.782417
1977,501,5415.320337
1978,464,6745.784825
1979,342,2653.957275
1980,696,11363.14063
1981,646,10275.36417
1982,365,4082.499653
1983,577,8181.492668
1984,431,5209.546018
1985,573,8801.171819
1986,460,5906.194189
1987,517,6144.169832
1988,554,5982.377811
1989,566,8468.162998
1990,756,10091.581
1991,1455,32936.45738
1992,401,5247.24513
1993,288,2392.717041
1994,900,12157.99512
1995,511,7454.999367
1996,393,4494.048291
1997,539,7349.756013
1998,582,8364.49044
1999,996,12764.05957
2000,395,4924.446485
2001,455,5678.428721
2002,660,10673.56104
2003,2114,35405.14453
2004,523,7128.273731
2005,353,4088.782839
2006,393,4190.8846
2007,460,6114.324702
2008,383,4422.577058
2009,419,5383.119012
2010,434,5517.422098
2011,637,9515.09875
2012,527,7759.733854
2013,439,5865.353484
2014,592,5132.384277
2015,431,5373.694234
2016,481,6168.517175
2017,371,4427.289447
2018,410,5089.380099
2019,605,9987.908444
2020,426,5441.238476
2021,476,6547.864488
2022,470,5151.426554
2023,508,6984.545867
2024,1072,16315.07605
2025,512,7102.355592
2026,555,8299.302393
2027,701,12115.55207
2028,618,9205.651873
2029,590,8587.543519
2030,595,9100.408519
2031,759,12718.73786
2032,1628,2318.495378
2033,553,7288.494956
2034,445,5987.0902
2035,636,10771.73581
2036,524,7526.4706
2037,3399,115643.5964
2038,337,3666.238627
2039,520,7566.525906
2040,452,5448.307059
2041,380,3416.355957
2042,441,6680.596778
2043,565,8548.27361
2044,492,6906.791449
2045,396,4382.521752
2046,444,6064.844618
2047,439,5509.568116
2048,426,5624.236248
2049,779,9695.740327
2050,544,7339.545837
2051,391,4926.017281
2052,428,4697.466415
2053,392,4667.621285
2054,531,7209.169742
2055,522,7641.92413
2056,336,3586.128014
2057,499,6707.300315
2058,621,8611.105463
2059,610,8256.105494
2061,386,4556.880144
2062,454,6124.534878
2063,1425,32427.51937
2064,407,4969.21418
2065,596,5744.402167
2066,354,3982.754087
2067,691,11770.76227
2068,511,4114.094727
2069,535,7297.134336
2070,1049,18989.35679
2071,541,5645.364746
2072,414,5297.510612
2073,379,3186.061279
2074,483,6490.530422
2075,455,5547.267228
2076,419,3664.320068
2077,377,4168.893451
2078,486,6717.510492
2079,402,4582.012885
2080,368,4356.603612
2081,448,6139.457443
2082,488,6368.008309
2083,386,4708.46199
2084,361,3862.588168
2085,393,4696.681017
2086,408,3819.553467
2087,410,4534.888995
2088,662,10550.25353
2089,407,5221.32699
2090,521,6433.196356
2091,389,4541.172181
2092,777,9572.432815
2093,383,4846.692066
2094,429,5912.477374
2095,1266,29003.96878
2096,388,4699.82261
2097,497,7147.908685
2098,507,5146.110352
2099,425,5431.0283
2100,441,4451.013672
2101,375,4127.267349
2102,458,5982.377811
2103,459,5714.557037
2104,403,4541.957579
2105,380,4381.736354
2106,506,8117.875417
2107,538,7675.696251
2108,442,5497.787144
2109,406,4978.638958
2110,496,6832.178623
2111,459,5807.23402
2112,321,3708.650128
2113,449,5302.223001
2114,531,8330.718319
2115,328,3827.24525
2116,423,5379.977419
2117,623,6393.926448
2118,330,3541.360319
2119,504,6930.353394
2120,247,983.2460938
2122,349,4102.134607
2123,694,11322.29992
2124,353,4106.846996
2125,769,13304.64489
2126,335,1674.292725
2127,433,5877.919855
2128,411,5318.716363
2129,456,5457.731837
2130,418,5024.192051
2131,451,5867.709679
2132,510,6882.444106
2133,369,3313.699951
2134,542,8088.815685
2135,383,4746.9465
2136,610,9106.691705
2137,419,5047.753996
2138,609,10204.67834
2139,832,11195.06542
2140,460,6626.404305
2141,584,8568.693963
2142,347,4066.79169
2143,449,5469.51281
2144,335,2871.621582
2145,477,6038.14108
2146,1372,34366.66744
2147,412,4560.021737
2148,501,6799.191901
2149,518,7899.534727
2150,488,6851.813577
2151,405,4233.296101
2152,428,5588.893331
2153,536,3923.063826
2154,520,7607.366611
2155,812,9905.441637
2156,537,7617.576787
2157,745,9223.716031
2158,608,8662.941742
2159,420,4821.559325
2160,541,7373.317958
2161,411,4335.397862
2162,1463,33254.54364
2163,373,4376.238566
2164,533,7528.826794
2165,489,6423.771578
2166,482,6394.711846
2167,479,5317.930964
2168,584,8112.37763
2169,501,4948.197754
2170,521,7194.247177
2171,444,4356.569824
2172,551,7829.634291
2173,469,6203.860093
2174,666,11408.69372
2175,364,4248.218666
2176,272,1125.022827
2177,433,5428.672105
2178,1498,27343.63706
2179,349,3498.16342
2180,510,6905.220653
2181,495,6291.039289
2182,537,7352.112208
2183,889,9296.085938
2184,572,8516.857684
2185,612,10368.04116
2186,346,3776.19437
2187,343,3901.858076
2188,594,9277.123106
2189,457,5923.472948
2190,775,9187.587715
2191,380,4490.906698
2192,446,5848.860123
2193,513,6868.306939
2194,546,7793.505975
2195,612,9368.229293
2196,483,7063.871082
2197,685,9808.052265
2198,365,4107.632395
2199,575,7583.019268
2200,2907,95252.30386
2201,438,5925.043745
2202,748,12812.20024
2203,462,6342.090169
2204,461,6587.134396
2205,297,2865.917898
2206,551,8084.888694
2207,947,10352.96484
2208,492,6609.125545
2209,697,12168.17375
2210,402,4563.948728
2211,576,8376.271413
2212,433,5950.176486
2213,430,3876.026855
2214,881,17044.71094
2215,486,7253.937437
2216,395,5013.196477
2217,462,6223.495047
2218,473,6665.674213
2219,596,9434.988137
2220,350,3646.603673
2221,757,15008.1735
2222,417,5249.601324
2223,365,4356.603612
2224,444,5909.335781
2225,454,5422.38892
2226,639,6880.87331
2227,439,5456.946439
2228,524,7384.313532
2229,589,9326.60319
2230,437,5263.738491
2231,574,8114.733824
2232,654,10568.31769
2233,448,3966.197266
2234,415,5199.335842
2235,406,5467.942014
2236,436,6002.012765
2237,388,5640.72961
2238,622,9522.952731
2239,408,5156.924341
2240,410,4832.554899
2241,712,12910.37501
2242,477,6731.647658
2243,460,5432.599096
2244,528,7124.34674
2245,466,6906.006051
2246,422,5671.360138
2247,477,6360.154327
2248,944,11341.14948
2249,896,11430.68487
2250,488,3414.125816
2251,545,8252.963901
2252,4864,76238.46094
2253,513,6892.654282
2254,385,5072.886737
2255,494,6708.085714
2256,383,4618.141201
2257,445,3089.756375
2258,476,5998.871172
2259,472,6054.634442
2260,441,5808.804816
2261,531,7454.213969
2262,531,5915.209961
2263,617,10205.46374
2264,423,4713.174379
2265,481,6932.709588
2266,407,5066.603552
2267,444,5958.815866
2268,396,5343.063706
2269,442,5453.804847
2270,487,6917.787023
2271,562,7983.572331
2272,2909,90814.01884
2273,402,4882.820382
2274,470,6483.461839
2275,600,9071.348787
2276,821,11486.44814
2277,596,8506.647508
2278,399,4967.643383
2279,568,7356.824597
2280,428,5345.4199
2281,486,7005.751618
2282,582,9214.291253
2283,379,4406.869095
2284,904,12111.62508
2285,428,5722.411019
2286,396,4380.165557
2287,1094,21849.77691
2288,602,8067.609934
2289,408,5092.521691
2290,951,12683.39494
2291,248,872.6635132
2292,416,3890.481201
2293,449,5309.291585
2294,365,4027.521782
2295,392,3487.59375
2296,536,5864.985352
2297,336,3732.997471
2298,419,5574.756164
2299,985,10320.13187
2300,495,7547.67635
2301,326,2166.500977
2302,1179,25753.99118
2303,379,4084.07045
2304,443,2858.063917
2305,378,4471.271744
2306,574,8540.419629
2307,410,5072.101339
2308,270,1551.426392
2309,456,5627.377841
2310,466,5835.508354
2311,506,7249.225048
2312,664,10948.4504
2313,466,6239.988408
2314,430,5117.654433
2315,544,7985.143127
2316,399,5563.76059
2318,1972,26962.41016
2319,318,3181.64796
2320,424,5157.709739
2321,440,6009.866746
2322,706,10051.5257
2323,941,12485.4746
2324,510,6625.618906
2325,531,5751.767578
2326,394,4967.643383
2327,336,3908.926659
2328,471,6364.866716
2329,347,4117.057173
2330,658,9200.154086
2331,654,10739.53449
2332,710,9870.098719
2333,396,4591.437663
2334,514,7897.178533
2335,550,7886.182959
2336,744,12512.17814
2337,567,8604.03688
2338,567,8919.766942
2339,6691,69562.00781
2340,424,4341.681047
2341,619,6988.472858
2342,466,4508.541992
2343,334,3426.692187
2344,668,11568.91495
2345,570,6088.200195
2346,534,6997.897636
2347,904,12588.55957
2348,381,4729.66774
2349,652,11682.79768
2350,594,8992.023573
2351,520,7110.994971
2352,396,4196.382387
2353,3491,124270.4098
2354,366,2946.17627
2355,304,4086.426644
2356,424,5185.984073
2357,257,985.7900391
2358,549,7982.786933
2359,1291,31429.2783
2361,587,8845.939514
2362,482,6848.671985
2363,505,7152.621074
2364,386,4593.793858
2365,572,8639.379797
2366,379,4500.331476
2367,438,5474.225199
2368,677,6901.293662
2369,374,4466.559355
2370,2056,61561.86424
2371,1454,33616.61219
2372,966,17497.88568
2373,1342,33517.65202
2374,722,13704.41255
2375,456,5694.136685
2376,485,6372.720698
2377,526,7634.070148
2378,531,6583.992804
2379,581,8885.209423
2380,608,9562.222639
2381,465,5339.136715
2382,355,2840.693848
2383,1165,16251.4082
2384,1318,68328.06942
2385,398,4188.528405
2386,510,6672.742796
2387,508,6788.196326
2388,381,3252.591797
2389,995,20100.6952
2390,653,9604.63414
2391,742,8286.609375
2392,460,6217.99726
2393,792,14334.30188
2394,502,6433.196356
2395,507,7074.866656
2396,379,4291.415565
2397,591,5709.05925
2398,386,3336.712402
2399,444,5748.329158
2400,514,7749.523678
2401,392,5089.380099
2402,631,6658.060059
2403,417,5340.707511
2404,516,7851.625439
2405,370,4904.026132
2406,853,13652.57627
2407,579,9167.167363
2408,450,6102.54373
2409,582,8154.003732
2410,715,11428.32868
2411,574,7530.397591
2412,603,9554.368658
2413,435,5794.66765
2414,624,7283.782567
2415,478,2932.490479
2416,361,2937.827637
2417,605,8322.864338
2418,490,6920.143218
2419,400,5032.046033
2420,466,6284.756104
2421,407,5208.76062
2422,619,9469.545656
2423,625,8698.28466
2424,534,8371.559024
2425,514,8645.662983
2426,577,8690.430678
2427,653,7297.134336
2428,762,9596.780159
2429,415,5563.76059
2430,442,5771.105705
2431,506,6860.452957
2432,492,6089.977359
2433,447,3836.62915
2434,487,5816.658798
2435,465,4516.824838
2436,502,3496.592623
2437,448,5892.84242
2438,378,4703.749601
2439,406,4867.112419
2440,527,5290.739258
2441,512,7045.806924
2442,490,6531.371127
2443,460,5800.165437
2444,523,7708.682974
2445,384,4819.203131
2446,454,6532.156525
2447,438,5793.096853
2448,559,5808.019418
2449,557,8093.528074
2450,441,5599.888905
2451,357,4611.858015
2452,419,5423.959716
2453,568,8371.559024
2454,759,13694.98778
2455,534,7258.649826
2456,539,6046.838867
2457,391,4411.581484
2458,402,5611.669877
2459,697,12171.31534
2460,600,9677.676169
2461,625,8640.950594
2462,432,4932.300466
2463,460,6132.38886
2464,852,10466.21593
2465,457,6300.464067
2466,428,5081.526117
2467,368,4215.231943
2468,1963,49442.38518
2469,394,4778.362426
2470,267,2463.00864
2471,452,5594.391118
2472,413,5374.479632
2473,304,2547.024902
2474,435,5233.107963
2475,372,4509.756254
2476,606,9956.492517
2477,377,4193.240794
2478,1038,13493.14045
2479,415,5593.60572
2480,447,5665.862351
2481,651,10271.43718
2482,493,5330.497335
2483,390,5184.413277
2484,877,13560.68469
2485,650,9975.342073
2486,650,8406.901941
2487,414,5611.669877
2488,400,4863.970826
2489,355,3340.464355
2490,411,4711.603582
2491,392,4650.342525
2492,373,4504.258467
2493,562,7675.696251
2494,556,7787.22279
2495,522,7595.585638
2496,365,2912.273926
2497,667,7989.070118
2498,387,4534.888995
2499,484,6742.643233
2500,481,6474.822459
2501,466,6411.205208
2502,407,3812.875488
2503,749,12584.43477
2504,549,5642.852539
2505,384,4439.855818
2506,703,11151.08312
2507,556,8299.302393
2508,324,2814.215576
2509,435,5165.563721
2510,520,8029.910823
2511,413,5043.827005
2512,537,7091.360017
2513,401,4377.809363
2514,474,5884.988438
2515,476,5689.424296
2516,467,5910.12118
2517,410,5454.590245
2518,583,5332.853529
2519,448,5286.515038
2520,573,8322.078939
2521,498,5164.486816
2522,601,8458.73822
2523,530,7758.163058
2524,226,991.6685791
2525,389,4710.818184
2526,470,5881.061448
2527,444,5288.085834
2528,364,4355.818214
2529,548,8102.167454
2530,697,7524.114405
2531,402,4765.010657
2532,415,5215.829203
2533,713,9538.660694
2534,579,7264.933011
2535,3518,32828.15625
2536,419,5359.557067
2537,548,8211.337798
2538,483,6207.787083
2539,476,6119.822489
2540,423,5776.603492
2541,369,4636.990757
2542,503,7299.490531
2543,709,12159.53437
2544,335,3751.061628
2545,487,6333.45079
2546,382,4178.318229
2547,651,11199.77781
2548,855,17155.45208
2549,540,3846.880204
2550,748,12797.27767
2551,499,4825.486316
2552,2140,55968.25852
2553,445,5833.15216
2554,545,6078.631836
2555,748,12689.67813
2556,696,7938.804636
2557,420,5396.470781
2558,432,5183.627878
2559,1849,18030.01563
2560,487,6127.676471
2561,425,5512.709709
2562,334,3842.953214
2563,359,4208.163359
2564,392,4040.088153
2565,562,7520.187415
2566,492,6297.322474
2567,322,3617.543941
2568,908,15295.62923
2569,553,7629.357759
2570,409,5204.833629
2571,420,5050.110191
2572,597,9127.112057
2573,455,5871.63667
2574,483,6485.032635
2575,553,6589.490591
2576,677,7982.786933
2577,447,6281.614511
2578,475,3732.913574
2579,448,5621.094655
2580,342,3861.017371
2581,440,5738.90438
2582,348,3032.422309
2583,425,5187.554869
2584,388,4622.068192
2585,448,5747.54376
2586,523,7791.935179
2587,837,12293.83745
2588,677,9318.749209
2589,568,7901.890922
2590,478,6982.189673
2591,785,9110.084961
2592,740,8578.904139
2593,633,9580.286797
2594,369,3999.247448
2595,581,8090.386481
2596,498,6513.306969
2597,813,14938.27307
2598,479,6758.351196
2599,517,6342.875568
2600,402,3530.364744
2601,459,6521.160951
2602,328,4050.298329
2603,562,7390.596718
2604,508,7257.07903
2605,717,12518.46133
2606,646,10371.96815
2607,344,3656.813849
2608,387,4659.767303
2609,439,5400.397772
2610,406,4852.975252
2611,776,12115.55207
2612,397,4794.070389
2613,498,6264.335751
2614,306,2501.929199
2615,376,4947.223031
2616,346,3819.391269
2617,411,3727.549072
2618,531,8252.178503
2619,453,6384.50167
2620,396,4548.240764
2621,540,8199.556826
2622,393,4932.300466
2623,478,6445.762727
2624,617,8318.937347
2625,404,5133.362396
2626,365,4120.984163
2627,427,5234.678759
2628,635,7410.395996
2629,491,6355.441938
2630,506,7436.149811
2631,324,3675.663405
2632,472,6088.406563
2633,446,5204.833629
2634,528,7157.333463
2635,675,8505.076711
2636,306,1913.865601
2637,483,7685.121029
2638,347,3972.54391
2639,3603,60950.82447
2640,503,4785.763184
2641,448,5944.678699
2642,434,5531.559265
2643,415,4650.342525
2644,452,5842.576938
2645,1052,17397.35472
2646,330,1647.892456
2647,446,6279.258316
2648,462,5815.088002
2650,530,7014.390997
2651,375,4218.373536
2652,517,7679.623242
2653,366,4231.725304
2654,756,9131.824446
2655,440,5812.731807
2656,1252,25966.04868
2657,508,7301.846725
2658,883,14840.0983
2659,411,5135.71859
2660,411,4752.444287
2661,382,4155.541683
2662,507,7255.508233
2663,640,10100.22038
2664,406,4987.278338
2665,474,5886.559235
2666,440,4050.091064
2667,568,7443.218395
2668,961,16197.26632
2669,378,4196.382387
2670,3671,210749.8162
2671,494,6771.702965
2672,1829,49513.85642
2673,440,5570.829173
2674,344,2479.321045
2675,439,5905.408791
2676,594,8648.804575
2677,457,5738.90438
2678,553,7815.497124
2679,395,5152.211952
2680,468,6205.430889
2681,354,3926.205419
2682,341,3725.143489
2683,491,6591.846785
2684,637,9778.207134
2685,606,8959.822248
2686,405,5315.57477
2687,526,7580.663073
2688,772,13678.49441
2689,500,7052.090109
2690,406,5966.669847
2691,633,9981.625259
2692,498,4772.753418
2693,692,8724.988197
2694,555,5809.12207
2695,696,8292.233809
2696,334,3813.893481
2697,449,5821.371187
2698,383,4639.346951
2699,501,6551.791479
2700,480,7364.678578
2701,535,7144.767092
2702,419,5100.375673
2703,1151,15482.554
2704,379,4673.90447
2705,522,7637.211741
2706,554,6540.010507
2707,539,8112.37763
2708,460,6461.47069
2709,455,6517.23396
2710,448,6108.041517
2711,1001,20420.35225
2712,452,6338.163179
2713,415,4733.594731
2714,393,4153.185488
2715,462,6009.866746
2716,413,3615.187746
2717,539,7652.919704
2718,389,4739.092518
2719,314,4085.641246
2720,518,6474.822459
2721,757,8537.278036
2722,411,5564.545988
2723,554,8104.523648
2724,476,6160.663194
2725,380,4877.322595
2726,476,6347.587957
2727,548,7894.03694
2728,498,5559.833599
2729,460,4636.132324
2730,5065,47187.44141
2731,473,6906.006051
2732,417,5281.802649
2733,479,5603.815896
2734,709,12086.49234
2735,369,4149.258497
2736,535,5936.824707
2737,414,5224.468583
2738,464,5140.430979
2739,393,4617.355803
2740,1018,20363.01818
2741,483,5801.736233
2742,410,5146.714165
2743,12775,120703.2031
2744,574,8072.322323
2745,544,7667.056871
2746,384,4822.344723
2747,519,7265.71841
2748,592,8604.03688
2749,526,7648.992713
2750,384,4707.676591
2751,344,3064.623634
2752,402,5231.537166
2753,358,4056.581514
2754,371,3355.636475
2755,480,4935.561523
2756,564,7308.915309
2757,416,5437.311485
2758,481,6873.804726
2759,387,4533.318199
2760,390,4339.324853
2761,869,10872.26678
2762,452,6244.700797
2763,370,4582.012885
2764,388,4213.661147
2765,607,7361.536986
2766,363,4563.163329
2767,460,6289.468492
2768,444,5882.632244
2769,421,5455.375643
2770,482,6404.136624
2771,858,16220.82827
2772,448,5809.590215
2773,512,6389.214059
2774,490,6788.196326
2775,353,3803.683305
2776,477,6408.849013
2777,1246,29515.26298
2778,516,8191.702844
2779,531,6873.019328
2780,323,2161.165771
2781,413,5528.417672
2782,760,8228.616558
2783,434,5852.001715
2784,379,3434.546169
2785,401,4952.720818
2786,644,9672.96378
2787,409,4535.674394
2788,873,11376.4924
2789,474,6657.034833
2790,377,4233.296101
2791,743,12377.87506
2792,590,8692.786872
2793,432,5393.329188
2794,512,7246.083456
2795,607,8995.165165
2796,554,6138.517578
2797,622,6617.764925
2798,295,2986.869215
2799,445,5876.349059
2800,525,7487.98609
2801,370,4946.437633
2802,361,3758.130212
2803,533,7464.424145
2804,464,5646.227397
2805,430,5617.167665
2806,455,4900.099141
2807,324,3736.139063
2808,505,5490.678223
2809,630,10379.03673
2810,416,4952.720818
2811,343,3681.94659
2812,1031,19275.24173
2813,773,13486.85726
2815,384,4125.696552
2816,491,6957.84233
2817,404,5070.530543
2818,651,11237.47692
2819,546,8631.525816
2820,347,2257.17041
2821,376,4306.33813
2822,993,13303.85949
2823,501,7044.236128
2824,582,7983.572331
2825,709,8428.89309
2826,493,7894.03694
2827,601,9192.300104
2828,481,6070.342405
2829,620,7380.824219
2830,589,7375.674152
2831,485,6394.711846
2832,404,5187.554869
2833,644,9933.715971
2834,656,10416.73584
2835,697,8176.192383
2836,311,3000.220984
2837,619,10095.50799
2838,567,8275.740448
2839,371,4656.625711
2840,555,7704.755983
2841,586,7462.06795
2842,507,6936.636579
2843,357,3835.88463
2845,375,4853.76065
2846,388,4610.287219
2847,448,3305.422607
2848,380,4355.032816
2849,446,5638.373415
2850,505,7424.368839
2851,779,13394.18028
2852,307,2070.568115
2853,537,6678.240583
2854,492,7358.395393
2855,466,6536.083516
2856,507,7436.149811
2857,435,5749.899954
2858,408,5192.267258
2859,604,8691.216076
2860,563,8927.620923
2861,1303,26969.00213
2862,376,4728.882342
2863,388,5002.986301
2864,398,4417.864669
2865,784,8772.112087
2866,2658,28509.95333
2867,652,7540.848145
2868,506,6814.114466
2869,524,5653.569824
2870,428,5719.269426
2871,924,12209.79985
2872,483,3165.721191
2873,500,7191.890982
2874,451,3007.010498
2875,445,5084.66771
2876,474,4759.51287
2877,636,9366.658497
2878,526,5270.919434
2879,1180,15435.54883
2880,457,6270.618937
2881,410,4543.528375
2882,434,5302.223001
2883,516,7532.753785
2884,1000,14074.33509
2885,459,6123.74948
2886,367,4039.302754
2887,427,4666.835887
2888,416,4929.158873
2889,386,5090.950895
2890,1765,18901.06836
2891,501,7161.260454
2892,337,3680.375794
2893,669,10030.31994
2894,669,10927.24465
2895,354,3722.787295
2896,608,9541.016889
2897,474,6067.98621
2898,428,5015.552671
2899,484,6325.596808
2900,452,6244.700797
2901,374,2785.457764
2902,435,4867.112419
2903,506,5503.412598
2904,378,4091.139033
2905,386,5085.453108
2906,394,5146.714165
2907,751,11703.21803
2908,496,6562.787053
2909,339,3717.289507
2910,405,5099.590275
2912,503,6268.262742
2913,476,6327.953002
2914,409,5115.298238
2915,606,8593.826704
2916,657,10918.60527
2917,575,8218.406382
2918,386,4310.265121
2919,341,3701.581544
2920,453,5583.395544
2921,385,4761.083667
2922,843,10304.4239
2923,448,6251.769381
2924,633,10803.15174
2925,525,7389.025921
2926,347,2930.812012
2927,345,3782.477555
2928,408,4713.174379
2929,644,9358.019117
2930,354,3655.243052
2931,433,5614.026072
2932,429,5734.977389
2933,404,4750.088092
2934,2623,52563.32813
2935,465,5976.094625
2936,639,10721.47033
2937,552,6458.329098
2938,448,3942.152588
2939,415,5185.198675
2940,463,5897.554809
2941,416,5411.393346
2943,377,4925.231883
2944,1151,22717.64188
2945,476,6779.556946
2946,505,6684.523769
2947,5144,262828.783
2948,464,5774.247297
2949,458,3879.654785
2950,1084,13243.90918
2951,558,8139.081167
2952,443,5752.256149
2953,505,6812.543669
2954,423,5077.599126
2955,489,6589.490591
2956,347,2653.074996
2957,309,2395.865234
2958,519,6675.884389
2959,406,3852.377991
2960,539,7985.143127
2961,497,6351.514947
2962,337,3568.063856
2963,374,4450.851392
2964,299,2259.251465
2965,340,3500.519614
2966,639,6957.056931
2967,729,7860.264819
2968,350,4156.327081
2969,348,4384.877946
2970,493,6397.068041
2971,436,5554.335812
2972,505,6528.229534
2973,537,6027.458496
2974,527,7738.528104
2975,488,5906.979587
2976,521,6981.404274
2977,1089,16754.89902
2978,746,8874.999246
2979,473,5320.287159
2980,532,7074.866656
2981,654,10766.23802
2982,426,5489.147764
2983,455,5657.222971
2984,600,8779.18067
2985,426,6037.355682
2986,463,6436.337949
2987,447,5803.307029
2988,369,4380.950955
2989,587,8929.19172
2990,426,5663.506156
2991,341,2672.772217
2992,479,6833.74942
2993,635,11426.75788
2994,436,5573.185367
2995,535,6935.065783
2996,489,7279.070178
2997,1086,24031.613
2998,555,7066.227276
2999,518,6834.534818
3000,504,6169.302573
3001,520,7341.902031
3002,3914,31207.38672
3003,510,7424.368839
3004,268,1834.033569
3005,558,8549.059009
3006,661,11239.04772
3007,5255,87158.55469
3008,427,5170.27611
3009,282,3094.468764
3010,636,8047.189582
3011,369,3934.844799
3012,669,11407.12293
3013,607,8318.151949
3014,407,5401.18317
3015,343,3752.632425
3016,3974,58165.83594
3017,535,7758.163058
3018,517,6678.240583
3019,569,7407.090079
3020,569,8503.505915
3022,678,7209.1875
3023,615,4436.541504
3024,476,6736.360047
3025,516,7085.076832
3026,422,5390.187595
3027,423,5335.209724
3028,442,5930.541532
3029,546,8052.687369
3030,561,8584.401926
3031,438,4933.871262
3032,833,15969.50086
3033,634,9914.081017
3034,848,9464.849609
3035,432,5131.7916
3036,643,2544.339111
3037,305,2579.877197
3038,453,5939.96631
3039,824,10096.44922
3040,345,3341.869185
3041,454,5798.59464
3042,372,4019.6678
3043,707,10381.39292
3044,512,7483.273701
3045,352,2853.751709
3046,478,6031.072497
3047,1844,45799.7085
3048,747,11722.85299
3049,628,7564.624023
3050,693,7265.71841
3051,609,9854.390756
3052,599,9304.612042
3053,1643,36226.49029
3054,500,6628.760499
3055,447,5983.163209
3056,503,6677.455185
3057,575,8084.103296
3058,581,8265.530272
3059,701,10045.24251
3060,1096,21834.06894
3061,476,5830.795965
3062,478,6367.222911
